{
  "title":"Выживание с первого дня",
  "text": [
    {
      "text": "Добро пожаловать во второе издание 'Материалы и Вы': Выживание с первого дня. На этих страницах Вы увидите схемы первых нужных инструментов."
    },
    {
      "text": "\n"
    },
    {
      "text": "\n"
    },
    {
      "text": "Эта книга - магическая копия, а потому обновляется вместе с оригиналом. Проверяйте чаще на наличие обновлений."
    },
    {
      "text": "\n"
    },
    {
      "text": "\n"
    },
    {
      "text": "Первый шаг - это собрать пустую схему. Из неё уже можно будет вырезать схему для получения нужных частей инструментов."
    }
  ]
}