{
  "title":"",
  "text": [
    {
      "text": "Вы можете вырезать части из неметаллических материалов на столе для вырезки частей. Возьмите эти части и соберите инструмент. Схемы можно хранить в рядом стоящих ящиках. Напоследок, из верстака Вы можете сделать инженерный верстак, имеющий внутреннее хранилище - теперь Вам не будет нужно убирать предметы с верстака, когда Вам надо отлучиться."
    },
    {
      "text": "\n"
    },
    {
      "text": "\n"
    },
    {
      "text": "Вместе все столы представляют мастерскую инженера. Так что рекоменджуется ставить все столы рядом друг с другом. Теперь я покажу рецепты всех столов, составляющих мастерскую и покажу, как их лучше расставить."
    }
  ]
}