{
  "modifier": "harvestheight",
  "text": [
    {
      "text": "你曾經希望你的工具可以挖掘多個垂直面的方塊嗎? 現在它可以了!"
    }
  ],
  "effects": [
    "增加工具垂直挖掘格數",
    "只對方塊有影響",
    "無法對武器起作用",
    "可以和寬度++一起使用"
  ],
  "demoTool": [
    "tconstruct:pickaxe",
    "tconstruct:shovel",
    "tconstruct:hatchet",
    "tconstruct:mattock",
    "tconstruct:hammer",
    "tconstruct:lumberaxe",
    "tconstruct:excavator",
    "tconstruct:scythe"
  ]
}
