[
  {
    "name": "offhand",
    "type": "imageText2",
    "data": "tools/offhand.json"
  },
  {
    "name": "repairing",
    "type": "text",
    "data": "tools/repairing.json"
  },
  {
    "name": "hidden",
    "type": "image with text below",
    "data": "tools/repairing2.json"
  },
  {
    "name": "bolt_core",
    "type": "imageText2",
    "data": "tools/bolt_crafting.json"
  },
  {
    "name": "pickaxe",
    "type": "tool",
    "data": "tools/pickaxe.json"
  },
  {
    "name": "shovel",
    "type": "tool",
    "data": "tools/shovel.json"
  },
  {
    "name": "hatchet",
    "type": "tool",
    "data": "tools/hatchet.json"
  },
  {
    "name": "mattock",
    "type": "tool",
    "data": "tools/mattock.json"
  },
  {
    "name": "kama",
    "type": "tool",
    "data": "tools/kama.json"
  },
  {
    "name": "scythe",
    "type": "tool",
    "data": "tools/scythe.json"
  },
  {
    "name": "hammer",
    "type": "tool",
    "data": "tools/hammer.json"
  },
  {
    "name": "excavator",
    "type": "tool",
    "data": "tools/excavator.json"
  },
  {
    "name": "lumberaxe",
    "type": "tool",
    "data": "tools/lumberaxe.json"
  },
  {
    "name": "broadsword",
    "type": "tool",
    "data": "tools/broadsword.json"
  },
  {
    "name": "longsword",
    "type": "tool",
    "data": "tools/longsword.json"
  },
  {
    "name": "rapier",
    "type": "tool",
    "data": "tools/rapier.json"
  },
  {
    "name": "battlesign",
    "type": "tool",
    "data": "tools/battlesign.json"
  },
  {
    "name": "frypan",
    "type": "tool",
    "data": "tools/frypan.json"
  },
  {
    "name": "cleaver",
    "type": "tool",
    "data": "tools/cleaver.json"
  },
  {
    "name": "arrow",
    "type": "tool",
    "data": "tools/arrow.json"
  },
  {
    "name": "shortbow",
    "type": "tool",
    "data": "tools/shortbow.json"
  },
  {
    "name": "longbow",
    "type": "tool",
    "data": "tools/longbow.json"
  },
  {
    "name": "bolt",
    "type": "tool",
    "data": "tools/bolt.json"
  },
  {
    "name": "crossbow",
    "type": "tool",
    "data": "tools/crossbow.json"
  },
  {
    "name": "shuriken",
    "type": "tool",
    "data": "tools/shuriken.json"
  }
]