{
  "title":"",
  "text": [
    {
      "text": "你可以用部件加工台制作一个非金属的部件，接下来在工具组装台里面组装，模具和多余的部件可以放在模具箱和部件箱，你还可以把你的工作台制作成工作站，它可以保留里面的物品，这样你离开的时候里面的物品也不会掉落出来"
    },
    {
      "text": "\n"
    },
    {
      "text": "\n"
    },
    {
      "text": "建议把这些工作台放在一起使用，当我详细介绍每一个工作台使用方式之后，你就会明白这样摆放的好处了"
    }
  ]
}