{
  "title":"",
  "text": [
    {
      "text": "你使用模板在部件加工台將非金屬類的材質塑型，然後在工具組裝台組裝這些部件。模具和部件可以分別被存放在模具箱與部件箱裡。 最後，你可以將你老舊的原版合成桌合成為合成站，來將你合成到一半的東西保留在合成站內，因此當你需要離開合成站的時候你不必將合成到一半的材料拿下來。"
    },
    {
      "text": "\n"
    },
    {
      "text": "\n"
    },
    {
      "text": "將這些箱子與桌子相連在一起就變成了工具坊，這裡建議你在使用這些箱子與桌子時將它們擺在附近。 現在我將展示如何做出工具坊裡的每個成員，以及展示它們一起運作是多棒的事。"
    }
  ]
}