[
  {
    "name": "Page1",
    "type": "blank"
  },
  {
    "name": "PageCrafter",
    "type": "crafting",
    "data": "section1/pagecrafting.json"
  },
  {
    "name": "PageSmallCrafter",
    "type": "crafting",
    "data": "section1/pagecraftingsmall.json"
  },
  {
    "name": "PageSmelting",
    "type": "smelting",
    "data": "section1/pagesmelting.json"
  },
  {
    "name": "PageSmithing",
    "type": "smithing",
    "data": "section1/pagesmithing.json"
  },
  {
    "name": "PageBlockInteraction",
    "type": "block interaction",
    "data": "section1/pageblkinteraction.json"
  },
  {
    "name": "PageStructure",
    "type": "structure",
    "data": "section1/pagestructure2.json"
  },
  {
    "name": "PageStructure",
    "type": "structure",
    "data": "section1/pagestructure3.json"
  },
  {
    "name": "PageStructure",
    "type": "structure",
    "data": "section1/pagestructure4.json"
  },
  {
    "name": "PageStructure",
    "type": "structure",
    "data": "section1/pagestructure.json"
  },
  {
    "name": "Page2",
    "type": "text",
    "data": "section1/page2.json"
  },
  {
    "name": "Page3",
    "type": "image",
    "data": "section1/page3.json"
  },
  {
    "name": "Page4",
    "type": "image with text below",
    "data": "section1/page4_5.json"
  },
  {
    "name": "Page5",
    "type": "text with image below",
    "data": "section1/page4_5.json"
  },
  {
    "name": "Page6",
    "type": "text with left image etch",
    "data": "section1/page6_7.json"
  },
  {
    "name": "Page7",
    "type": "text with right image etch",
    "data": "section1/page6_7.json"
  }
]