{
  "title": "Crafting a Thing",
  "grid_size": "large",
  "grid": [
    [
      {},
      {
        "id": "minecraft:redstone_torch"
      }
    ],
    [
      {
        "id": "minecraft:redstone_torch"
      },
      {
        "id": "minecraft:quartz"
      },
      {
        "id": "minecraft:redstone_torch"
      }
    ],
    [
      {
        "id": "minecraft:stone"
      },
      {
        "id": "minecraft:stone"
      },
      {
        "id": "minecraft:stone"
      }
    ]
  ],
  "result": {
    "id": "minecraft:comparator"
  },
  "description": [
    {
      "text": "This item does stuff and, of course, "
    },
    {
      "text": "things.",
      "underlined": true
    }
  ]
}