{
    "pools": [
        {
            "name": "blueslime",
            "rolls": 1,
            "entries": [
                {
                    "type": "item",
                    "name": "tconstruct:edible",
                    "weight": 1,
                    "functions": [
                        {
                            "function": "set_data",
                            "data": 1
                        },
                        {
                            "function": "set_count",
                            "count": {
                                "min": 0,
                                "max": 2
                            }
                        },
                        {
                            "function": "looting_enchant",
                            "count": {
                                "min": 0,
                                "max": 1
                            }
                        }
                    ]
                }
            ]
        }
    ]
}