{
  "items": [
    {
      "id": "record_13"
    },
    {
      "id": "record_cat"
    },
    {
      "id": "record_blocks"
    },
    {
      "id": "record_chirp"
    },
    {
      "id": "record_far"
    },
    {
      "id": "record_mall"
    },
    {
      "id": "record_mellohi"
    },
    {
      "id": "record_stal"
    },
    {
      "id": "record_strad"
    },
    {
      "id": "record_ward"
    },
    {
      "id": "record_11"
    },
    {
      "id": "record_wait"
    }
  ],
  "action": "go-to-page-rtn:test section.page5"
}