{
  "modifier": "diamond",
  "text": [
    {
      "text": "Нанесение алмазной крошки на режущую кромку инструмента увеличивает прочность и уровень добычи. Также такой инстумент выглядит просто отпадно."
    }
  ],
  "effects": [
    "Дополнительная прочность",
    "Небольшое увеличение характеристик",
    "Уровень добычи повышается до Обсидиана",
    "Одноразово",
    "Потрясающе!"
  ],
  "demoTool": [
    "tconstruct:pickaxe",
    "tconstruct:broadsword",
    "tconstruct:shortbow",
    "tconstruct:arrow"
  ]
}