{
  "modifier": "fiery",
  "text": [
    {
      "text": "Добавление огненного порошка на кромку инструмента наполняет его силой огня. Края выглядят как тлеющие угли. К несчастью, они слишком слабо светятся."
    }
  ],
  "effects": [
    "Поджигает врагов",
    "Наносит дополнительный урон огнём",
    "Несколько уровней"
  ],
  "demoTool": [
    "tconstruct:broadsword",
    "tconstruct:arrow"
  ]
}