{
  "modifier": "knockback",
  "text": [
    {
      "text": "Присоединение поршня к оружию и активация его в нужный момент, судя по всему, отбрасывает врагов на небольшое расстояние."
    }
  ],
  "effects": [
    "Добавляет отдачу",
    "Каждый поршень увеличивает дальность отлёта",
    "Несколько уровней"
  ],
  "demoTool": [
    "tconstruct:broadsword"
  ]
}