{
    "textures": {
        "particle": "tconstruct:blocks/smeltery/seared_stone",
        "texture":  "tconstruct:blocks/smeltery/seared_stone"
    },
    "elements": [
        {
            "name": "Base",
            "from": [ 5, 4, 5 ], 
            "to": [ 11, 6, 11 ], 
            "faces": {
                "north": { "texture": "#texture" },
                "east":  { "texture": "#texture" },
                "south": { "texture": "#texture" },
                "west":  { "texture": "#texture" },
                "up":    { "texture": "#texture" },
                "down":  { "texture": "#texture" }
            }
        },
        {
            "name": "Northeast",
            "from": [ 10, 6, 5 ], 
            "to": [ 11, 8, 6 ], 
            "faces": {
                "north": { "texture": "#texture" },
                "east":  { "texture": "#texture" },
                "south": { "texture": "#texture" },
                "west":  { "texture": "#texture" },
                "up":    { "texture": "#texture" }
            }
        },
        {
            "name": "Northwest",
            "from": [ 5, 6, 5 ], 
            "to": [ 6, 8, 6 ], 
            "faces": {
                "north": { "texture": "#texture" },
                "east":  { "texture": "#texture" },
                "south": { "texture": "#texture" },
                "west":  { "texture": "#texture" },
                "up":    { "texture": "#texture" }
            }
        },
        {
            "name": "Southwest",
            "from": [ 5, 6, 10 ], 
            "to": [ 6, 8, 11 ], 
            "faces": {
                "north": { "texture": "#texture" },
                "east":  { "texture": "#texture" },
                "south": { "texture": "#texture" },
                "west":  { "texture": "#texture" },
                "up":    { "texture": "#texture" }
            }
        },
        {
            "name": "Southeast",
            "from": [ 10, 6, 10 ], 
            "to": [ 11, 8, 11 ], 
            "faces": {
                "north": { "texture": "#texture" },
                "east":  { "texture": "#texture" },
                "south": { "texture": "#texture" },
                "west":  { "texture": "#texture" },
                "up":    { "texture": "#texture" }
            }
        }
    ]
}