{
    "textures": {
        "particle": "tconstruct:blocks/smeltery/seared_stone",
        "texture":  "tconstruct:blocks/smeltery/seared_stone"
    },
    "elements": [
        {
            "name": "Back",
            "from": [ 5, 4, 0 ], 
            "to": [ 11, 12, 5 ], 
            "faces": {
                "north": { "texture": "#texture" },
                "east":  { "texture": "#texture" },
                "west":  { "texture": "#texture" },
                "up":    { "texture": "#texture" },
                "down":  { "texture": "#texture" }
            }
        },
        {
            "name": "Back",
            "from": [ 6, 6, 6 ], 
            "to": [ 10, 11, 6 ], 
            "faces": {
                "south": { "texture": "#texture" }
            }
        }
    ]
}