{
    "textures": {
        "particle": "tconstruct:blocks/smeltery/seared_stone",
        "texture":  "tconstruct:blocks/smeltery/seared_stone",
        "top":      "tconstruct:blocks/smeltery/channel_in"
    },
    "elements": [
        {
            "name": "Base",
            "from": [ 5, 4, 0 ], 
            "to": [ 11, 6, 5 ], 
            "faces": {
                "north": { "texture": "#texture" },
                "east":  { "texture": "#top",    "uv": [ 11, 14, 16, 16 ] },
                "west":  { "texture": "#top",    "uv": [  0, 14,  5, 16 ] },
                "up":    { "texture": "#top"     },
                "down":  { "texture": "#texture" }
            }
        },
        {
            "name": "West",
            "from": [ 5, 6, 0 ], 
            "to": [ 6, 8, 5 ], 
            "faces": {
                "north": { "texture": "#texture" },
                "east":  { "texture": "#texture" },
                "west":  { "texture": "#texture" },
                "up":    { "texture": "#texture" }
            }
        },
        {
            "name": "East",
            "from": [ 10, 6, 0 ], 
            "to": [ 11, 8, 5 ], 
            "faces": {
                "north": { "texture": "#texture" },
                "east":  { "texture": "#texture" },
                "west":  { "texture": "#texture" },
                "up":    { "texture": "#texture" }
            }
        }
    ]
}