{
  "title":"",
  "text": [
    {
      "text": "Плавильня из сушёного камня может быть любых размеров от 3х3 до 11x11 и любой высоты больше 1. Причём, чем больше, тем вместимее плавильня. Для полной структуры нужны 'пол', 'потолок' и стены с углами."
    },
    {
      "text": "Плавильня может быть собрана из любой комбинации сушёных камней, резервуаров, сливов, но пол должен быть собран только из камней и должен присутствовать хотя бы 1 резервуар для топлива. Горны ставятся на сливы и с их помощью Вы можете сливать жидкости из плавильни в столы или резервуары. Кроме того, для этих целей можно пользоваться трубами.",
	  "paragraph": true
    }
  ]
}