{
  "title":"",
  "text": [
    {
      "text": "冶炼炉可以在3×3到11×11之间自定义大小，高度至少为2。越大的冶炼炉可以熔化更多的物品，拥有更大的容积。这个多方块结构需要铺满底部，但是不需要铺满顶部和框架。"
    },
    {
      "text": "这个冶炼炉可以由任意种类的焦黑方块，焦黑玻璃，焦黑储罐，和冶炼炉排液口构建成，但是底部只能用焦黑方块铺满。至少需要一个储罐来存储燃料，当然，储罐越多燃料存储量越大。浇铸口贴在排液口可以向浇筑台和铸造盆排出液体。流体还可以通过其他模组的管道借由排液口输入输出",
	  "paragraph": true
    }
  ]
}