{
  "size": [1, 5, 4],
  "text": "This is a nether portal. It leads to the nether.Pretty cool, eh?Lorem Ipsum dolor, Lorem Ipsum Dolores",
  "structure": [
    {
      "pos": [0, 0, 0],
      "endPos": [0, 0, 3],
      "block": "minecraft:obsidian"
    },
    {
      "pos": [0, 0, 0],
      "endPos": [0, 4, 0],
      "block": "minecraft:obsidian"
    },
    {
      "pos": [0, 0, 3],
      "endPos": [0, 4, 3],
      "block": "minecraft:obsidian"
    },
    {
      "pos": [0, 4, 0],
      "endPos": [0, 4, 3],
      "block": "minecraft:obsidian"
    },
    {
      "pos": [0, 1, 1],
      "endPos": [0, 3, 2],
      "block": "minecraft:portal",
      "meta": 2
    }
  ]
}