{
  "size": [5, 3, 5],
  "structure": [
    {
      "pos": [1, 0, 1],
      "endPos": [3, 0, 3],
      "block": "minecraft:stonebrick"
    },
    {
      "pos": [0, 1, 1],
      "endPos": [0, 2, 3],
      "block": "minecraft:stonebrick",
      "meta": 0
    },
    {
      "pos": [4, 1, 1],
      "endPos": [4, 2, 3],
      "block": "minecraft:stonebrick",
      "meta": 1
    },
    {
      "pos": [1, 1, 0],
      "endPos": [3, 2, 0],
      "block": "minecraft:stonebrick",
      "meta": 2
    },
    {
      "pos": [1, 1, 4],
      "endPos": [3, 2, 4],
      "block": "minecraft:wool",
      "state": {
        "color": "orange"
      }
    },
    {
      "pos": [2, 2, 2],
      "endPos": [2, 2, 2],
      "block": "minecraft:glowstone"
    }
  ]
}