{
  "title":"",
  "text": [
    {
      "text": "工匠液體槽的大小長寬可以介於3x3到11x11之間，而高度則可以是高於3的任意高度。越大的結構可以增加越多的液體存量。為了使這個機構能夠運作，它需要一個地板和天花板並且有邊框圍繞在周圍。"
    },
    {
      "text": "工匠液體槽可以使用焦黑磚、玻璃和冶煉爐排液口來建造。而底部和頂部必須是焦黑磚或是冶煉爐排液口。機構中一定要有單一一個工匠液體槽控制器，除了底部之外它可以被放在任何一層，而且不能被放置在整個機構的外部角落裡。而頂部包含外框也支援半磚與底部朝下的階梯。",
	  "paragraph": true
    }
  ]
}