{
    "textures": {
        "top": "tconstruct:blocks/smeltery/blockcast_top",
        "side": "tconstruct:blocks/smeltery/blockcast_side",
        "leg": "tconstruct:blocks/smeltery/blockcast_side",
        "bottom": "tconstruct:blocks/smeltery/blockcast_bottom",
        "legBottom": "tconstruct:blocks/smeltery/blockcast_bottom",
        "particle": "tconstruct:blocks/smeltery/blockcast_top"
    },
	"elements": [
        {
		 "from": [  0,  4,  0 ],
         "to":   [ 14, 16,  2 ],
         "faces": {
			"up":    { "uv": [ 0, 0, 14, 2 ], "texture": "#top",    "cullface": "up"   },
            "north": { "uv": [ 2, 0, 16,12 ], "texture": "#side",   "cullface": "north"},
            "south": { "uv": [ 0, 0, 14,12 ], "texture": "#side"},
            "west":  { "uv": [ 0, 0,  2,12 ], "texture": "#side",   "cullface": "west" }
         }
		},
        {
		 "from": [ 14,  4,  0 ],
         "to":   [ 16, 16, 14 ],
         "faces": {
			"up":    { "uv": [14, 0, 16,14 ], "texture": "#top",    "cullface": "up"   },
            "north": { "uv": [ 0, 0,  2,12 ], "texture": "#side",   "cullface": "north"},
            "east":  { "uv": [ 2, 0, 16,12 ], "texture": "#side",   "cullface": "east" },
            "west":  { "uv": [ 0, 0, 14,12 ], "texture": "#side"}
         }
		},
        {
		 "from": [  2,  4, 14 ],
         "to":   [ 16, 16, 16 ],
         "faces": {
			"up":    { "uv": [ 2,14, 16,16 ], "texture": "#top",    "cullface": "up"   },
            "north": { "uv": [ 0, 0, 14,12 ], "texture": "#side"},
            "south": { "uv": [ 2, 0, 16,12 ], "texture": "#side",   "cullface": "south"},
            "east":  { "uv": [ 0, 0,  2,12 ], "texture": "#side",   "cullface": "east" }
         }
		},
        {
		 "from": [  0,  4,  2 ],
         "to":   [  2, 16, 16 ],
         "faces": {
			"up":    { "uv": [ 0, 2,  2,16 ], "texture": "#top",    "cullface": "up"   },
            "east":  { "uv": [ 0, 0, 14,12 ], "texture": "#side"},
            "south": { "uv": [ 0, 0,  2,12 ], "texture": "#side",   "cullface": "south"},
            "west":  { "uv": [ 2, 0, 16,12 ], "texture": "#side",   "cullface": "west" }
         }
		},
        { "from": [7, 5, 0], "to": [7, 13, 2], "faces": { "east": { "texture": "#side" }   }},
        { "from": [9, 5, 0], "to": [9, 13, 2], "faces": { "west": { "texture": "#side" }   }},
        { "from": [7,13, 0], "to": [9, 13, 2], "faces": { "down": { "texture": "#bottom" } }},
        { "from": [7, 5, 0], "to": [9,  5, 2], "faces": { "up":   { "texture": "#top" }    }},
        { "from": [14,  5, 7], "to": [16, 13, 7], "faces": { "south": { "texture": "#side" }   }},
        { "from": [14,  5, 9], "to": [16, 13, 9], "faces": { "north": { "texture": "#side" }   }},
        { "from": [14, 13, 7], "to": [16, 13, 9], "faces": { "down":  { "texture": "#bottom" } }},
        { "from": [14,  5, 7], "to": [16,  5, 9], "faces": { "up":    { "texture": "#top" }    }},
        { "from": [7, 5, 14], "to": [7, 13, 16], "faces": { "east": { "texture": "#side" }   }},
        { "from": [9, 5, 14], "to": [9, 13, 16], "faces": { "west": { "texture": "#side" }   }},
        { "from": [7,13, 14], "to": [9, 13, 16], "faces": { "down": { "texture": "#bottom" } }},
        { "from": [7, 5, 14], "to": [9,  5, 16], "faces": { "up":   { "texture": "#top" }    }},
        { "from": [0,  5, 7], "to": [2, 13, 7], "faces": { "south": { "texture": "#side" }   }},
        { "from": [0,  5, 9], "to": [2, 13, 9], "faces": { "north": { "texture": "#side" }   }},
        { "from": [0, 13, 7], "to": [2, 13, 9], "faces": { "down":  { "texture": "#bottom" } }},
        { "from": [0,  5, 7], "to": [2,  5, 9], "faces": { "up":    { "texture": "#top" }    }},
		{
		 "from": [ 0, 2, 0 ],
         "to": [ 16, 4, 16 ],
         "faces": {
			"up":    { "uv": [ 0,  0, 16, 16 ], "texture": "#top"},
            "down":  { "uv": [ 0,  0, 16, 16 ], "texture": "#bottom"},
            "north": { "uv": [ 0, 12, 16, 14 ], "texture": "#side",   "cullface": "north"},
            "east":  { "uv": [ 0, 12, 16, 14 ], "texture": "#side",   "cullface": "east" },
            "south": { "uv": [ 0, 12, 16, 14 ], "texture": "#side",   "cullface": "south"},
            "west":  { "uv": [ 0, 12, 16, 14 ], "texture": "#side",   "cullface": "west" }
         },
		 "__comment": "The bottom of the basin"
		},
		{
		 "from": [ 0, 0, 0 ],
         "to": [ 5, 2, 5 ],
         "faces": {
            "down":  { "uv": [ 0,  0,  5,  5 ], "texture": "#legBottom", "cullface": "down" },
            "north": { "uv": [ 11,14, 16, 16 ], "texture": "#leg",    "cullface": "north"   },
            "south": { "uv": [ 11,14, 16, 16 ], "texture": "#leg"},
            "west":  { "uv": [  0,14,  5, 16 ], "texture": "#leg",    "cullface": "west"    },
            "east":  { "uv": [  0,14,  5, 16 ], "texture": "#leg"}
         }
		},
        {
		 "from": [ 11, 0, 0 ],
         "to": [ 16, 2, 5 ],
         "faces": {
            "down":  { "uv": [ 11, 0, 16, 5 ], "texture": "#legBottom", "cullface": "down" },
            "east":  { "uv": [ 11,14, 16, 16 ], "texture": "#leg",    "cullface": "east"   },
            "west":  { "uv": [ 11,14, 16, 16 ], "texture": "#leg"},
            "north": { "uv": [  0,14,  5, 16 ], "texture": "#leg",    "cullface": "north"    },
            "south": { "uv": [  0,14,  5, 16 ], "texture": "#leg"}
         }
		},
        {
		 "from": [ 11, 0, 11 ],
         "to": [ 16, 2, 16 ],
         "faces": {
            "down":  { "uv": [ 11,11, 16, 16 ], "texture": "#legBottom", "cullface": "down" },
            "south": { "uv": [ 11,14, 16, 16 ], "texture": "#leg",    "cullface": "south"   },
            "north": { "uv": [ 11,14, 16, 16 ], "texture": "#leg"},
            "east":  { "uv": [  0,14,  5, 16 ], "texture": "#leg",    "cullface": "east"    },
            "west":  { "uv": [  0,14,  5, 16 ], "texture": "#leg"}
         }
		},
        {
		 "from": [ 0, 0, 11 ],
         "to": [ 5, 2, 16 ],
         "faces": {
            "down":  { "uv": [  0,11,  5, 16 ], "texture": "#legBottom", "cullface": "down" },
            "west":  { "uv": [ 11,14, 16, 16 ], "texture": "#leg",    "cullface": "west"   },
            "east":  { "uv": [ 11,14, 16, 16 ], "texture": "#leg"},
            "south": { "uv": [  0,14,  5, 16 ], "texture": "#leg",    "cullface": "south"    },
            "north": { "uv": [  0,14,  5, 16 ], "texture": "#leg"}
         }
		}
	]
}