{
    "__comment": "Model is in the north, top of the block",
    "textures": {
        "particle": "#leg"
    },
    "elements": [
        {
            "from": [ 0, 12, 12 ], 
            "to": [ 16, 16, 16 ], 
            "faces": {
                "north": { "texture": "#leg", "uv": [  0,  0, 16,  4 ] },
                "east":  { "texture": "#leg", "uv": [  0,  0,  4,  4 ] },
                "south": { "texture": "#leg", "uv": [  0,  0, 16,  4 ] },
                "west":  { "texture": "#leg", "uv": [ 12,  0, 16,  4 ] },
                "up":    { "texture": "#leg", "uv": [  0, 12, 16, 16 ] },
                "down":  { "texture": "#leg", "uv": [  0,  0, 16,  4 ] }
            }
        }
    ]
}