{   "parent": "block/block",
    "textures": {
        "particle": "#slime"
    },
    "elements": [
        {
            "from": [ 0, 0, 0 ], 
            "to": [ 16, 8, 16 ], 
            "faces": {
                "north": { "texture": "#slime", "uv": [ 0, 4, 8, 8 ], "tintindex": 0, "cullface": "north" },
                "east":  { "texture": "#slime", "uv": [ 0, 0, 4, 8 ], "tintindex": 0, "cullface": "east", "rotation": 270 },
                "south": { "texture": "#slime", "uv": [ 0, 0, 8, 4 ], "tintindex": 0, "cullface": "south" },
                "west":  { "texture": "#slime", "uv": [ 4, 0, 8, 8 ], "tintindex": 0, "cullface": "west", "rotation": 90 },
                "up":    { "texture": "#slime", "uv": [ 0, 0, 8, 8 ], "tintindex": 0, "rotation": 180 },
                "down":  { "texture": "#slime", "uv": [ 0, 0, 8, 8 ], "tintindex": 0, "cullface": "down" }
            }
        }
    ]
}