{
    "textures": {
        "particle": "#slime"
    },
    "elements": [
        {
            "__comment": "Upper",
            "from": [ 0, 8, 8 ], 
            "to": [ 16, 16, 16 ], 
            "faces": {
                "north": { "texture": "#slime", "uv": [ 0, 0, 8, 4 ], "tintindex": 0 },
                "east":  { "texture": "#slime", "uv": [ 0, 0, 4, 4 ], "tintindex": 0, "cullface": "east" },
                "south": { "texture": "#slime", "uv": [ 0, 0, 8, 4 ], "tintindex": 0, "cullface": "south" },
                "west":  { "texture": "#slime", "uv": [ 4, 0, 8, 4 ], "tintindex": 0, "cullface": "west" },
                "up":    { "texture": "#slime", "uv": [ 0, 0, 8, 4 ], "tintindex": 0, "cullface": "up", "rotation": 180 }
            }
        },
        {
            "__comment": "Lower",
            "from": [ 0, 0, 0 ], 
            "to": [ 16, 8, 16 ], 
            "faces": {
                "north": { "texture": "#slime", "uv": [ 0, 4, 8,  8 ], "tintindex": 0, "cullface": "north" },
                "east":  { "texture": "#slime", "uv": [ 0, 0, 4,  8 ], "tintindex": 0, "cullface": "east", "rotation": 270 },
                "south": { "texture": "#slime", "uv": [ 0, 4, 8,  8 ], "tintindex": 0, "cullface": "south" },
                "west":  { "texture": "#slime", "uv": [ 4, 0, 8,  8 ], "tintindex": 0, "cullface": "west", "rotation": 90 },
                "down":  { "texture": "#slime", "uv": [ 0, 3, 8, 11 ], "tintindex": 0, "cullface": "down" }
            }
        },
        {
            "__comment": "Middle face",
            "from": [ 0, 8, 0 ], 
            "to": [ 16, 8, 8 ], 
            "faces": {
                "up": { "texture": "#slime", "uv": [ 0, 4, 8, 8 ], "tintindex": 0, "rotation": 180 }
            }
        }
    ]
}