{
  "modifier": "haste",
  "text": [
    {
      "text": "Adding redstone to a tool seems to increase its speed. Redstones mining speed effect is more potent on slower tools."
    },
    {
      "text": "\n"
    },
    {
      "text": "Redstone. Crazy stuff, amiright?"
    }
  ],
  "effects": [
    "Each redstone dust increases mining speed by a small amount",
    "Increases attack speed",
    "Multiple levels"
  ],
  "demoTool": [
    "tconstruct:pickaxe",
    "tconstruct:broadsword",
    "tconstruct:shortbow"
  ]
}