{
  "tool": "battlesign",
  "text": [
    {
      "text": "Боевая табличка - новейшая оружейная технология. Она может быть использована и как оружие, и как щит."
    },
    {
      "text": "\n"
    },
    {
      "text": "Блокирование увеличивает сопротивление урону, отражая как снаряды, так и небольшое количество урона."
    }
  ],
  "properties": [
    "Оружие защиты",
    "Низкий урон",
    "Можно использовать как щит",
    "Блокирование отражает снаряды"
  ]
}