{
  "tool": "cleaver",
  "text": [
    {
      "text": "Гигантский меч - большое оружие натиска. У него колоссальный урон, но его сложно удерживать."
    },
    {
      "text": "\n"
    },
    {
      "text": "Каждый добивающий удар может отрубить голову врагу. Головы с плеч!"
    }
  ],
  "properties": [
    "Нужна кузня",
    "Оружие натиска",
    "Колоссальный урон, но медленный",
    "Обезглавливание II",
    "Только двуручный"
  ]
}