{
  "tool": "crossbow",
  "text": [
    {
      "text": "Арбалет - сильное оружие дальнего боя, которое нужно заряжать перед боем. Его болты наносят огромный урон и пробивает часть брони противника. Арбалеты лучше всего используют бонусы на урон."
    },
    {
      "text": "\n"
    },
    {
      "text": "Зарядка относительно медленная, но часто хватает одного выстрела. Нужно только точно выстрелить."
    }
  ],
  "properties": [
    "Нужна кузня",
    "Использует болты",
    "Частичное пробитие брони",
    "Нужно зарядить перед выстрелом"
  ]
}