{
  "tool": "longsword",
  "text": [
    {
      "text": "Меч - оружие натиска. Часто используется для врывания в толпу на скорости. Медленее, но сильнее палаша."
    },
    {
      "text": "\n"
    },
    {
      "text": "Зажатие ПКМ заряжает навык натиска, позволяющий совершить небольшой прыжок."
    }
  ],
  "properties": [
    "Урон выше среднего, но медленный",
    "ПКМ: Натиск",
    "Только для правой руки"
  ]
}