{
  "tool": "longbow",
  "text": [
    {
      "text": "Длинный лук прекрасно подходит для убийства издалека. Стреляет медленно, но бьёт сильно."
    },
    {
      "text": "\n"
    },
    {
      "text": "Отлично подходит для использования скрытных мест, нужно только попасть."
    }
  ],
  "properties": [
    "Нужна кузня",
    "Использует стрелы инженера",
    "Медленный, но мощный",
    "Обычные стрелы тоже подходят, но неэффективны"
  ]
}