{
  "tool": "lumberaxe",
  "text": [
    {
      "text": "Большой топор - большой инструмент рубки дерева. Может быстро рубить деревья или большие объёмы древесины."
    },
    {
      "text": "\n"
    },
    {
      "text": "Рубит дерево полностью только если на нём есть листва."
    }
  ],
  "properties": [
    "Нужна кузня",
    "Улучшенный инструмент добычи",
    "FСносит деревья за один взмах",
    "3x3x3 добыча",
    "Эффективен на дереве"
  ]
}