{
  "title":"Сбор левой рукой",
  "text": [
    {
      "text": "Инструменты инженера позволяют сбор блоков как правой, так и левой рукой. Чтобы так сделать, возьмите нужный инструмент в левую руку удерживая другой инструмент в правой. При ломании блока будет использован наиболее эффективный инструмент, так что подойдите к нужным блокам и ломайте их как обычно."
    }
  ],
  "image": {
    "file": "tconstruct:textures/gui/book/offhand.png",
    "width": 150,
    "height": 75
  }
}