{
  "tool": "rapier",
  "text": [
    {
      "text": "Рапира - специальное оружие, полагающееся на быстрые удары для быстрого убийства бронированного врага. Каждый удар частично пробивает броню."
    },
    {
      "text": "\n"
    },
    {
      "text": "ПКМ позволяет совершить короткий скачок назад, позволяющий увернуться от урона."
    }
  ],
  "properties": [
    "Слабая, но быстрая",
    "50% Armor Piercing",
    "ПКМ: Отскок",
    "Только для правой руки"
  ]
}