{
  "title": "Починка",
  "text": [
    {
      "text": "При использовании инструментов тратится их прочность. Когда прочность упадёт до 0, они сломаются. :("
    },
    {
      "text": "\n"
    },
    {
      "text": "Чтобы не допустить этого, Вам необходимо чинить инструменты. Но Вам не нужно ждать, пока они сломаются, Вы можете починить их в любое время!"
    },
    {
      "text": "Починка проста. Поместите инструмент на станцию или кузню и добавьте материалы навершия. Если навершие состоит из нескольких материалов, Вы можете использовать любой из них. Починка несколькими материалами одномременно даёт бонус к восстанавливаемой прочности.",
      "paragraph": true
    },
    {
      "text": "Вы также можете восстанавливать свои инструменты глубоко под землёй или вдалеке от дома.",
      "paragraph": true
    }
  ]
}