{
    "multipart": [
        {   "when": { "down": "false" },
            "apply": { "model": "tconstruct:channel/center" }
        },
        {   "when": { "down": "true" },
            "apply": { "model": "tconstruct:channel/center_out" }
        },
        
        {   "when": { "north": "none" },
            "apply": { "model": "tconstruct:channel/side", "uvlock": true }
        },
        {   "when": { "north": "lever" },
            "apply": { "model": "tconstruct:channel/side_lever", "uvlock": true }
        },
        {   "when": { "north": "in" },
            "apply": { "model": "tconstruct:channel/side_in", "uvlock": true }
        },
        {   "when": { "north": "out" },
            "apply": { "model": "tconstruct:channel/side_out", "uvlock": true }
        },
        
        {   "when": { "east": "none" },
            "apply": { "model": "tconstruct:channel/side", "y": 90, "uvlock": true }
        },
        {   "when": { "east": "lever" },
            "apply": { "model": "tconstruct:channel/side_lever", "y": 90, "uvlock": true }
        },
        {   "when": { "east": "in" },
            "apply": { "model": "tconstruct:channel/side_in", "y": 90, "uvlock": true }
        },
        {   "when": { "east": "out" },
            "apply": { "model": "tconstruct:channel/side_out", "y": 90, "uvlock": true }
        },
        
        {   "when": { "south": "none" },
            "apply": { "model": "tconstruct:channel/side", "y": 180, "uvlock": true }
        },
        {   "when": { "south": "lever" },
            "apply": { "model": "tconstruct:channel/side_lever", "y": 180, "uvlock": true }
        },
        {   "when": { "south": "in" },
            "apply": { "model": "tconstruct:channel/side_in", "y": 180, "uvlock": true }
        },
        {   "when": { "south": "out" },
            "apply": { "model": "tconstruct:channel/side_out", "y": 180, "uvlock": true }
        },
        
        {   "when": { "west": "none" },
            "apply": { "model": "tconstruct:channel/side", "y": 270, "uvlock": true }
        },
        {   "when": { "west": "lever" },
            "apply": { "model": "tconstruct:channel/side_lever", "y": 270, "uvlock": true }
        },
        {   "when": { "west": "in" },
            "apply": { "model": "tconstruct:channel/side_in", "y": 270, "uvlock": true }
        },
        {   "when": { "west": "out" },
            "apply": { "model": "tconstruct:channel/side_out", "y": 270, "uvlock": true }
        },
        
        {   "when": { "OR": [{ "north": "lever" }, { "south": "lever" }, { "west": "lever"}, { "east": "lever" }]},
            "apply": { "model": "tconstruct:channel/center_lever" }
        }
    ]
}
