{
    "forge_marker": 1,
    "defaults": {
        "textures": {
            "all": "tconstruct:blocks/punji"
        },
        "model": "tconstruct:punji"
    },
	"variants": {
        "facing": {
            "up": { "x": 180, "y": 0 },
            "down": {},
            "west": { "transform": { "rotation": {"z": 270}, "post-rotation": {"y": 270}}},
            "east":  { "transform": { "rotation": {"z": 90 }, "post-rotation": {"y": 270}}},
            "south": { "transform": { "rotation": {"x": 270}, "post-rotation": {"y": 270}}},
            "north":  { "transform": { "rotation": {"x": 90}, "post-rotation": {"y": 90}}}
        },
        "north": {
            "true": { "submodel": { "stick_north": { "model": "tconstruct:punji_stick", "transform": { "translation": [ 0, 0, -0.5 ] } } } },
            "false": {}
        },
        "east": {
            "true": { "submodel": { "stick_east": { "model": "tconstruct:punji_stick", "transform": { "translation": [ -0.5, 0, 0 ] } } } };
            "false": {}
        },
        "northeast": {
            "true": { "submodel": { "stick_northeast": { "model": "tconstruct:punji_stick", "transform": { "translation": [ -0.5, 0, -0.5 ] } } } },
            "false": {}
        },
        "northwest": {
            "true": { "submodel": { "stick_northwest": { "model": "tconstruct:punji_stick", "transform": { "translation": [ 0.5, 0, -0.5 ] } } } },
            "false": {}
        },
        "inventory": [{}]
    }
}