{
    "forge_marker": 1,
    "defaults": {
        "model": "tconstruct:slime_channel",
        "textures": {
          "slime": "tconstruct:blocks/fluids/liquid_flow",
		  "diagonal": "tconstruct:blocks/fluids/slime_channel_diagonal"
        }
    },
    "variants": {
		"connected": {
            "none": {},
            "inner": { "model": "tconstruct:slime_channel_inner" },
            "outer": { "model": "tconstruct:slime_channel_outer" }
        },
        "direction": {
            "west": { "transform": { "post-rotation": { "x": -90 }, "rotation": { "z": 90 } } },
            "east": { "transform": { "post-rotation": { "x": -90 }, "rotation": { "z": 270 } } },
            "south": { "transform": { "post-rotation": { "x": -90 } } },
            "north":  { "transform": { "post-rotation": { "x": -90 }, "rotation": { "z": 180 } } },
			
            "southwest": { "model": "tconstruct:slime_channel_diagonal", "transform": { "post-rotation": { "x": -90 }, "rotation": { "z": 90 } } },
            "northeast": { "model": "tconstruct:slime_channel_diagonal", "transform": { "post-rotation": { "x": -90 }, "rotation": { "z": 270 } } },
            "southeast": { "model": "tconstruct:slime_channel_diagonal", "transform": { "post-rotation": { "x": -90 } } },
            "northwest":  { "model": "tconstruct:slime_channel_diagonal", "transform": { "post-rotation": { "x": -90 }, "rotation": { "z": 180 } } }
        },
        "powered": {
            "true": { "textures": {
			    "slime": "tconstruct:blocks/fluids/slime_channel_still",
		        "diagonal": "tconstruct:blocks/fluids/slime_channel_still_diagonal"
			} },
            "false": {}
        }
    }
}