{
    "forge_marker": 1,
    "defaults": {
        "transform": "forge:default-block",
        "model": "cube_all",
        "textures": { "all": "tconstruct:blocks/slimy_mud_green" }
    },
	"variants": {
        "type": {
            "grout": {
                "textures": { "all": "tconstruct:blocks/grout" }
            },
            "slimy_mud_green": {
                "textures": { "all": "tconstruct:blocks/slimy_mud_green" }
            },
            "slimy_mud_blue": {
                "textures": { "all": "tconstruct:blocks/slimy_mud_blue" }
            },
            "graveyard": {
                "textures": { "all": "tconstruct:blocks/graveyard_soil" }
            },
            "consecrated": {
                "textures": { "all": "tconstruct:blocks/consecrated_soil" }
            },
            "slimy_mud_magma": {
                "textures": { "all": "tconstruct:blocks/slimy_mud_magma" }
            },
            "mudbrick": {
                "textures": { "all": "tconstruct:blocks/mud_brick" }
            }
        }
    }
}