{
    "textures": {
        "excavator": "tconstruct:items/excavator/mod_blasting",
        "hammer": "tconstruct:items/hammer/mod_blasting",
        "hatchet": "tconstruct:items/hatchet/mod_blasting",
        "kama": "tconstruct:items/kama/mod_blasting",
        "lumberaxe": "tconstruct:items/lumberaxe/mod_blasting",
        "mattock": "tconstruct:items/mattock/mod_blasting",
        "pickaxe": "tconstruct:items/pickaxe/mod_blasting",
        "scythe": "tconstruct:items/scythe/mod_blasting",
        "shovel": "tconstruct:items/shovel/mod_blasting"
    }
}
