{
    "textures": {
        "arrow": "tconstruct:items/arrow/mod_emerald",
        "battleaxe": "tconstruct:items/battleaxe/mod_emerald",
        "battlesign": "tconstruct:items/battlesign/mod_emerald",
        "bolt": "tconstruct:items/bolt/mod_emerald",
        "broadsword": "tconstruct:items/broadsword/mod_emerald",
        "cleaver": "tconstruct:items/cleaver/mod_emerald",
        "crossbow": "tconstruct:items/crossbow/mod_emerald",
        "crossbow1": "tconstruct:items/crossbow/mod_emerald",
        "crossbow2": "tconstruct:items/crossbow/mod_emerald_2",
        "crossbow3": "tconstruct:items/crossbow/mod_emerald",
        "excavator": "tconstruct:items/excavator/mod_emerald",
        "frypan": "tconstruct:items/frypan/mod_emerald",
        "hammer": "tconstruct:items/hammer/mod_emerald",
        "hatchet": "tconstruct:items/hatchet/mod_emerald",
        "kama": "tconstruct:items/kama/mod_emerald",
        "longbow": "tconstruct:items/longbow/mod_emerald",
        "longbow1": "tconstruct:items/longbow/mod_emerald",
        "longbow2": "tconstruct:items/longbow/mod_emerald",
        "longbow3": "tconstruct:items/longbow/mod_emerald",
        "longsword": "tconstruct:items/longsword/mod_emerald",
        "lumberaxe": "tconstruct:items/lumberaxe/mod_emerald",
        "mattock": "tconstruct:items/mattock/mod_emerald",
        "pickaxe": "tconstruct:items/pickaxe/mod_emerald",
        "rapier": "tconstruct:items/rapier/mod_emerald",
        "scythe": "tconstruct:items/scythe/mod_emerald",
        "shortbow": "tconstruct:items/shortbow/mod_emerald",
        "shortbow1": "tconstruct:items/shortbow/mod_emerald",
        "shortbow2": "tconstruct:items/shortbow/mod_emerald",
        "shortbow3": "tconstruct:items/shortbow/mod_emerald",
        "shovel": "tconstruct:items/shovel/mod_emerald",
        "shuriken": "tconstruct:items/shuriken/mod_emerald"
    }
}
