{
    "textures": {
        "battleaxe": "tconstruct:items/battleaxe/mod_haste",
        "battlesign": "tconstruct:items/battlesign/mod_haste",
        "broadsword": "tconstruct:items/broadsword/mod_haste",
        "cleaver": "tconstruct:items/cleaver/mod_haste",
        "crossbow": "tconstruct:items/crossbow/mod_haste",
        "crossbow1": "tconstruct:items/crossbow/mod_haste_1",
        "crossbow2": "tconstruct:items/crossbow/mod_haste_2",
        "crossbow3": "tconstruct:items/crossbow/mod_haste_3",
        "excavator": "tconstruct:items/excavator/mod_haste",
        "frypan": "tconstruct:items/frypan/mod_haste",
        "hammer": "tconstruct:items/hammer/mod_haste",
        "hatchet": "tconstruct:items/hatchet/mod_haste",
        "kama": "tconstruct:items/kama/mod_haste",
        "longbow": "tconstruct:items/longbow/mod_haste",
        "longbow1": "tconstruct:items/longbow/mod_haste_1",
        "longbow2": "tconstruct:items/longbow/mod_haste_2",
        "longbow3": "tconstruct:items/longbow/mod_haste_3",
        "longsword": "tconstruct:items/longsword/mod_haste",
        "lumberaxe": "tconstruct:items/lumberaxe/mod_haste",
        "mattock": "tconstruct:items/mattock/mod_haste",
        "pickaxe": "tconstruct:items/pickaxe/mod_haste",
        "rapier": "tconstruct:items/rapier/mod_haste",
        "scythe": "tconstruct:items/scythe/mod_haste",
        "shortbow": "tconstruct:items/shortbow/mod_haste",
        "shortbow1": "tconstruct:items/shortbow/mod_haste_1",
        "shortbow2": "tconstruct:items/shortbow/mod_haste_2",
        "shortbow3": "tconstruct:items/shortbow/mod_haste_3",
        "shovel": "tconstruct:items/shovel/mod_haste"
    }
}
