{
    "textures": {
        "arrow": "tconstruct:items/arrow/mod_sharpness",
        "battleaxe": "tconstruct:items/battleaxe/mod_sharpness",
        "battlesign": "tconstruct:items/battlesign/mod_sharpness",
        "bolt": "tconstruct:items/bolt/mod_sharpness",
        "broadsword": "tconstruct:items/broadsword/mod_sharpness",
        "cleaver": "tconstruct:items/cleaver/mod_sharpness",
        "crossbow": "tconstruct:items/crossbow/mod_sharpness",
        "crossbow1": "tconstruct:items/crossbow/mod_sharpness",
        "crossbow2": "tconstruct:items/crossbow/mod_sharpness_2",
        "crossbow3": "tconstruct:items/crossbow/mod_sharpness_3",
        "excavator": "tconstruct:items/excavator/mod_sharpness",
        "frypan": "tconstruct:items/frypan/mod_sharpness",
        "hammer": "tconstruct:items/hammer/mod_sharpness",
        "hatchet": "tconstruct:items/hatchet/mod_sharpness",
        "kama": "tconstruct:items/kama/mod_sharpness",
        "longbow": "tconstruct:items/longbow/mod_sharpness",
        "longbow1": "tconstruct:items/longbow/mod_sharpness",
        "longbow2": "tconstruct:items/longbow/mod_sharpness_2",
        "longbow3": "tconstruct:items/longbow/mod_sharpness_3",
        "longsword": "tconstruct:items/longsword/mod_sharpness",
        "lumberaxe": "tconstruct:items/lumberaxe/mod_sharpness",
        "mattock": "tconstruct:items/mattock/mod_sharpness",
        "pickaxe": "tconstruct:items/pickaxe/mod_sharpness",
        "rapier": "tconstruct:items/rapier/mod_sharpness",
        "scythe": "tconstruct:items/scythe/mod_sharpness",
        "shortbow": "tconstruct:items/shortbow/mod_sharpness",
        "shortbow1": "tconstruct:items/shortbow/mod_sharpness",
        "shortbow2": "tconstruct:items/shortbow/mod_sharpness",
        "shortbow3": "tconstruct:items/shortbow/mod_sharpness_3",
        "shovel": "tconstruct:items/shovel/mod_sharpness",
        "shuriken": "tconstruct:items/shuriken/mod_sharpness"
    }
}
