{
  "tool": "crossbow",
  "text": [
    {
      "text": "十字弓是一個長距離的武器，它需要事先裝填弩箭。它的弩箭造成大量的傷害，而且可以刺穿敵人一部份的裝甲。十字弓有可以獲得額外傷害的好處。"
    },
    {
      "text": "\n"
    },
    {
      "text": "裝填弩箭相對比較慢，但是你只需要一發就可以讓敵人倒地。"
    }
  ],
  "properties": [
    "需要使用工具裝配台來合成",
    "使用匠魂模組的弩箭",
    "部分破甲能力",
    "在發射之前必須先裝填弩箭"
  ]
}