{
  "tool": "frypan",
  "text": [
    {
      "text": "煎鍋是一個重型武器，它可以用十足的重量來阻礙敵人。煎鍋自帶擊退的能力。"
    },
    {
      "text": "\n"
    },
    {
      "text": "按著右鍵可以蓄力並給予重擊。蓄力是如此的強大，使它可以造成額外的傷害、擊退敵人並且煮熟掉任何落物。"
    }
  ],
  "properties": [
    "中等傷害",
    "自帶擊退效果",
    "右鍵 : 重擊",
    "蓄力可以煮熟掉落的食物",
    "無法在副手使用"
  ]
}