{
  "tool": "rapier",
  "text": [
    {
      "text": "西洋劍是一個特別的武器，它以快速的突刺來擊敗(穿著裝備的)敵人。西洋劍每一擊都可以部分穿透目標物的裝甲。"
    },
    {
      "text": "\n"
    },
    {
      "text": "按右鍵可以產生一個向後的短距離跳躍，讓你可以快速躲開前來的傷害。"
    }
  ],
  "properties": [
    "速度快，但是低傷害",
    "50%破甲",
    "右鍵 : 向後跳躍",
    "無法在副手使用"
  ]
}