{
  "title": "修理",
  "text": [
    {
      "text": "當你在使用工具的時候會造成它們損壞，一旦所有的耐久度都用完之後它們就會壞掉。 :("
    },
    {
      "text": "\n"
    },
    {
      "text": "為了解決這個問題，你需要修理你的工具。不需要等到工具壞掉，你隨時都能修理它!"
    },
    {
      "text": "修理是很簡單的 – 把工具放進工具組裝台或工具裝配台，並且放入與工具頭部材質相等物品。如果工具的頭部是使用多種材質組合而成，你可以使用其中任一種材質。一次使用多種材料修理工具可以修復更多的耐久度。",
      "paragraph": true
    },
    {
      "text": "當你在地心深處或是遠離你的基地冒險時，你也可以修復你的工具。",
      "paragraph": true
    }
  ]
}