{
  "tool": "scythe",
  "text": [
    {
      "text": "鐮刀是一個大範圍收割的工具，它可以作用在植物上還可以大範圍攻擊敵人。"
    },
    {
      "text": "\n"
    },
    {
      "text": "對作物或甘蔗點右鍵可以收割並且重新種下所有成熟的植物。"
    }
  ],
  "properties": [
    "需要使用工具裝配台來合成",
    "範圍攻擊",
    "3x3大範圍收割",
    "作用於作物與植物",
    "右鍵 : 大範圍收割與重新種植"
  ]
}