{
  "tool": "shortbow",
  "text": [
    {
      "text": "短弓對遠距離戰鬥是一個快速且靈活的選擇，它的擊發速度比它原版的兄弟還要快，而且還支援快速移動。然而這些優點的代價就是較弱的傷害值。"
    },
    {
      "text": "\n"
    },
    {
      "text": "如果你想把你的敵人射成蜂窩，短弓很適合你。"
    }
  ],
  "properties": [
    "快速 & 可移動",
    "使用匠魂模組的箭矢",
    "可以使用原版的箭矢",
    "可以使用原版的箭矢，但是效果較差"
  ]
}